"","Town.Name","C5f","C4a","C1g","C1h","C1f","C5b","C1c","C5a","C5e","C1e","C5o","C5o_Other","C1f_Other","C1g_Other","C1h_Other","C4b","C1a","C1b"
"1","ADDISON",6,237,17,0,0,0,0,0,0,0,0,"DEFECTIVE_NO CHALLENGE RESPONSE RECEIVED","OTHER","NEVER RETURNED_NEVER RECEIVED BY CLERK","ISSUED",6,260,243
"2","ALBANY",0,98,5,0,0,0,0,0,0,0,0,"DEFECTIVE_NO CHALLENGE RESPONSE RECEIVED","OTHER","NEVER RETURNED_NEVER RECEIVED BY CLERK","ISSUED",0,103,98
"3","ALBURGH",0,242,1,14,0,0,0,0,0,0,0,"DEFECTIVE_NO CHALLENGE RESPONSE RECEIVED","OTHER","NEVER RETURNED_NEVER RECEIVED BY CLERK","ISSUED",0,257,242
"4","ANDOVER",1,81,4,0,1,0,0,0,0,0,0,"DEFECTIVE_NO CHALLENGE RESPONSE RECEIVED","OTHER","NEVER RETURNED_NEVER RECEIVED BY CLERK","ISSUED",1,87,82
"5","ARLINGTON",3,282,8,0,0,0,0,0,0,0,0,"DEFECTIVE_NO CHALLENGE RESPONSE RECEIVED","OTHER","NEVER RETURNED_NEVER RECEIVED BY CLERK","ISSUED",3,293,285
"6","ATHENS",0,1,0,0,0,0,0,0,0,0,0,"DEFECTIVE_NO CHALLENGE RESPONSE RECEIVED","OTHER","NEVER RETURNED_NEVER RECEIVED BY CLERK","ISSUED",0,1,1
"7","BAKERSFIELD",0,101,2,0,0,1,0,0,0,0,0,"DEFECTIVE_NO CHALLENGE RESPONSE RECEIVED","OTHER","NEVER RETURNED_NEVER RECEIVED BY CLERK","ISSUED",1,104,102
"8","BALTIMORE",0,14,0,0,0,0,0,0,0,0,0,"DEFECTIVE_NO CHALLENGE RESPONSE RECEIVED","OTHER","NEVER RETURNED_NEVER RECEIVED BY CLERK","ISSUED",0,14,14
"9","BARNARD",0,98,6,0,0,0,1,0,0,0,0,"DEFECTIVE_NO CHALLENGE RESPONSE RECEIVED","OTHER","NEVER RETURNED_NEVER RECEIVED BY CLERK","ISSUED",0,105,98
"10","BARNET",0,179,3,0,0,0,0,0,0,0,0,"DEFECTIVE_NO CHALLENGE RESPONSE RECEIVED","OTHER","NEVER RETURNED_NEVER RECEIVED BY CLERK","ISSUED",0,182,179
"11","BARRE CITY",0,813,36,0,0,0,0,3,0,0,0,"DEFECTIVE_NO CHALLENGE RESPONSE RECEIVED","OTHER","NEVER RETURNED_NEVER RECEIVED BY CLERK","ISSUED",3,852,816
"12","BARRE TOWN",0,1164,37,0,0,0,0,6,0,0,0,"DEFECTIVE_NO CHALLENGE RESPONSE RECEIVED","OTHER","NEVER RETURNED_NEVER RECEIVED BY CLERK","ISSUED",6,1207,1170
"13","BARTON",4,319,0,25,0,0,1,1,0,0,0,"DEFECTIVE_NO CHALLENGE RESPONSE RECEIVED","OTHER","NEVER RETURNED_NEVER RECEIVED BY CLERK","ISSUED",5,350,324
"14","BELVIDERE",0,13,3,0,0,0,0,0,0,0,0,"DEFECTIVE_NO CHALLENGE RESPONSE RECEIVED","OTHER","NEVER RETURNED_NEVER RECEIVED BY CLERK","ISSUED",0,16,13
"15","BENNINGTON",3,1504,82,27,0,4,1,2,2,0,0,"DEFECTIVE_NO CHALLENGE RESPONSE RECEIVED","OTHER","NEVER RETURNED_NEVER RECEIVED BY CLERK","ISSUED",11,1625,1515
"16","BENSON",0,104,6,0,0,0,0,1,0,0,0,"DEFECTIVE_NO CHALLENGE RESPONSE RECEIVED","OTHER","NEVER RETURNED_NEVER RECEIVED BY CLERK","ISSUED",1,111,105
"17","BERKSHIRE",0,159,11,0,0,0,0,0,0,0,0,"DEFECTIVE_NO CHALLENGE RESPONSE RECEIVED","OTHER","NEVER RETURNED_NEVER RECEIVED BY CLERK","ISSUED",0,170,159
"18","BERLIN",5,468,14,0,0,0,0,0,0,0,0,"DEFECTIVE_NO CHALLENGE RESPONSE RECEIVED","OTHER","NEVER RETURNED_NEVER RECEIVED BY CLERK","ISSUED",5,487,473
"19","BETHEL",0,197,0,4,0,1,0,0,0,0,0,"DEFECTIVE_NO CHALLENGE RESPONSE RECEIVED","OTHER","NEVER RETURNED_NEVER RECEIVED BY CLERK","ISSUED",1,202,198
"20","BLOOMFIELD",0,17,3,0,0,0,0,0,0,0,0,"DEFECTIVE_NO CHALLENGE RESPONSE RECEIVED","OTHER","NEVER RETURNED_NEVER RECEIVED BY CLERK","ISSUED",0,20,17
"21","BOLTON",0,141,4,0,0,0,0,2,0,0,0,"DEFECTIVE_NO CHALLENGE RESPONSE RECEIVED","OTHER","NEVER RETURNED_NEVER RECEIVED BY CLERK","ISSUED",2,147,143
"22","BRADFORD",1,226,16,1,0,0,0,1,0,0,0,"DEFECTIVE_NO CHALLENGE RESPONSE RECEIVED","OTHER","NEVER RETURNED_NEVER RECEIVED BY CLERK","ISSUED",2,245,228
"23","BRAINTREE",0,106,5,0,0,3,0,0,0,0,0,"DEFECTIVE_NO CHALLENGE RESPONSE RECEIVED","OTHER","NEVER RETURNED_NEVER RECEIVED BY CLERK","ISSUED",3,114,109
"24","BRANDON",0,519,1,0,0,0,0,0,0,0,0,"DEFECTIVE_NO CHALLENGE RESPONSE RECEIVED","OTHER","NEVER RETURNED_NEVER RECEIVED BY CLERK","ISSUED",0,520,519
"25","BRATTLEBORO",7,3133,70,15,0,0,2,17,4,0,0,"DEFECTIVE_NO CHALLENGE RESPONSE RECEIVED","OTHER","NEVER RETURNED_NEVER RECEIVED BY CLERK","ISSUED",28,3248,3161
"26","BRIDGEWATER",0,111,0,0,0,0,0,3,0,0,0,"DEFECTIVE_NO CHALLENGE RESPONSE RECEIVED","OTHER","NEVER RETURNED_NEVER RECEIVED BY CLERK","ISSUED",3,114,114
"27","BRIDPORT",0,10,0,0,0,0,0,0,0,0,0,"DEFECTIVE_NO CHALLENGE RESPONSE RECEIVED","OTHER","NEVER RETURNED_NEVER RECEIVED BY CLERK","ISSUED",0,10,10
"28","BRIGHTON",0,111,0,5,0,0,0,0,0,0,0,"DEFECTIVE_NO CHALLENGE RESPONSE RECEIVED","OTHER","NEVER RETURNED_NEVER RECEIVED BY CLERK","ISSUED",0,116,111
"29","BRISTOL",1,486,3,13,0,3,0,5,1,0,0,"DEFECTIVE_NO CHALLENGE RESPONSE RECEIVED","OTHER","NEVER RETURNED_NEVER RECEIVED BY CLERK","ISSUED",10,512,496
"30","BROOKFIELD",0,223,3,0,0,0,0,1,0,0,0,"DEFECTIVE_NO CHALLENGE RESPONSE RECEIVED","OTHER","NEVER RETURNED_NEVER RECEIVED BY CLERK","ISSUED",1,227,224
"31","BROOKLINE",0,39,1,0,0,0,0,0,0,0,0,"DEFECTIVE_NO CHALLENGE RESPONSE RECEIVED","OTHER","NEVER RETURNED_NEVER RECEIVED BY CLERK","ISSUED",0,40,39
"32","BROWNINGTON",2,92,5,0,0,0,0,1,0,0,0,"DEFECTIVE_NO CHALLENGE RESPONSE RECEIVED","OTHER","NEVER RETURNED_NEVER RECEIVED BY CLERK","ISSUED",3,100,95
"33","BRUNSWICK",0,2,0,0,0,0,0,0,0,0,0,"DEFECTIVE_NO CHALLENGE RESPONSE RECEIVED","OTHER","NEVER RETURNED_NEVER RECEIVED BY CLERK","ISSUED",0,2,2
"34","BURKE",0,226,2,0,0,1,0,1,0,0,0,"DEFECTIVE_NO CHALLENGE RESPONSE RECEIVED","OTHER","NEVER RETURNED_NEVER RECEIVED BY CLERK","ISSUED",2,230,228
"35","BURLINGTON",72,5150,344,0,0,2,0,13,0,0,0,"DEFECTIVE_NO CHALLENGE RESPONSE RECEIVED","OTHER","NEVER RETURNED_NEVER RECEIVED BY CLERK","ISSUED",87,5581,5237
"36","CABOT",0,223,2,0,0,0,0,0,0,0,0,"DEFECTIVE_NO CHALLENGE RESPONSE RECEIVED","OTHER","NEVER RETURNED_NEVER RECEIVED BY CLERK","ISSUED",0,225,223
"37","CALAIS",0,409,1,7,0,0,0,0,0,0,0,"DEFECTIVE_NO CHALLENGE RESPONSE RECEIVED","OTHER","NEVER RETURNED_NEVER RECEIVED BY CLERK","ISSUED",0,417,409
"38","CAMBRIDGE",0,511,0,12,0,0,0,2,0,0,0,"DEFECTIVE_NO CHALLENGE RESPONSE RECEIVED","OTHER","NEVER RETURNED_NEVER RECEIVED BY CLERK","ISSUED",2,525,513
"39","CANAAN",0,54,2,0,0,0,0,2,0,0,0,"DEFECTIVE_NO CHALLENGE RESPONSE RECEIVED","OTHER","NEVER RETURNED_NEVER RECEIVED BY CLERK","ISSUED",2,58,56
"40","CASTLETON",1,410,20,0,0,0,0,5,0,0,0,"DEFECTIVE_NO CHALLENGE RESPONSE RECEIVED","OTHER","NEVER RETURNED_NEVER RECEIVED BY CLERK","ISSUED",6,436,416
"41","CAVENDISH",0,99,0,6,0,0,0,0,0,0,0,"DEFECTIVE_NO CHALLENGE RESPONSE RECEIVED","OTHER","NEVER RETURNED_NEVER RECEIVED BY CLERK","ISSUED",0,105,99
"42","CHARLESTON",0,122,0,0,0,0,0,0,0,0,0,"DEFECTIVE_NO CHALLENGE RESPONSE RECEIVED","OTHER","NEVER RETURNED_NEVER RECEIVED BY CLERK","ISSUED",0,122,122
"43","CHARLOTTE",1,927,29,0,0,0,0,4,0,0,0,"DEFECTIVE_NO CHALLENGE RESPONSE RECEIVED","OTHER","NEVER RETURNED_NEVER RECEIVED BY CLERK","ISSUED",5,961,932
"44","CHELSEA",0,137,1,0,0,0,0,0,0,0,0,"DEFECTIVE_NO CHALLENGE RESPONSE RECEIVED","OTHER","NEVER RETURNED_NEVER RECEIVED BY CLERK","ISSUED",0,138,137
"45","CHESTER",0,399,12,0,0,2,0,4,1,0,0,"DEFECTIVE_NO CHALLENGE RESPONSE RECEIVED","OTHER","NEVER RETURNED_NEVER RECEIVED BY CLERK","ISSUED",7,418,406
"46","CHITTENDEN",3,151,5,0,0,0,0,3,0,0,0,"DEFECTIVE_NO CHALLENGE RESPONSE RECEIVED","OTHER","NEVER RETURNED_NEVER RECEIVED BY CLERK","ISSUED",6,162,157
"47","CLARENDON",0,251,8,0,1,0,0,1,0,0,0,"DEFECTIVE_NO CHALLENGE RESPONSE RECEIVED","OTHER","NEVER RETURNED_NEVER RECEIVED BY CLERK","ISSUED",1,261,252
"48","COLCHESTER",4,3015,48,0,0,5,0,27,0,0,0,"DEFECTIVE_NO CHALLENGE RESPONSE RECEIVED","OTHER","NEVER RETURNED_NEVER RECEIVED BY CLERK","ISSUED",36,3099,3051
"49","CONCORD",2,124,2,0,0,0,0,1,0,0,0,"DEFECTIVE_NO CHALLENGE RESPONSE RECEIVED","OTHER","NEVER RETURNED_NEVER RECEIVED BY CLERK","ISSUED",3,129,127
"50","CORINTH",0,149,7,0,0,0,0,2,0,0,0,"DEFECTIVE_NO CHALLENGE RESPONSE RECEIVED","OTHER","NEVER RETURNED_NEVER RECEIVED BY CLERK","ISSUED",2,158,151
"51","CORNWALL",0,288,5,0,0,1,0,1,0,0,0,"DEFECTIVE_NO CHALLENGE RESPONSE RECEIVED","OTHER","NEVER RETURNED_NEVER RECEIVED BY CLERK","ISSUED",2,295,290
"52","COVENTRY",0,111,6,0,0,0,0,0,0,0,0,"DEFECTIVE_NO CHALLENGE RESPONSE RECEIVED","OTHER","NEVER RETURNED_NEVER RECEIVED BY CLERK","ISSUED",0,117,111
"53","CRAFTSBURY",0,187,0,0,0,0,0,0,0,0,0,"DEFECTIVE_NO CHALLENGE RESPONSE RECEIVED","OTHER","NEVER RETURNED_NEVER RECEIVED BY CLERK","ISSUED",0,187,187
"54","DANBY",0,255,19,0,0,0,0,0,0,0,0,"DEFECTIVE_NO CHALLENGE RESPONSE RECEIVED","OTHER","NEVER RETURNED_NEVER RECEIVED BY CLERK","ISSUED",0,274,255
"55","DANVILLE",3,550,13,0,0,1,0,4,0,0,0,"DEFECTIVE_NO CHALLENGE RESPONSE RECEIVED","OTHER","NEVER RETURNED_NEVER RECEIVED BY CLERK","ISSUED",8,571,558
"56","DERBY",0,673,28,0,0,0,0,3,0,0,0,"DEFECTIVE_NO CHALLENGE RESPONSE RECEIVED","OTHER","NEVER RETURNED_NEVER RECEIVED BY CLERK","ISSUED",3,704,676
"57","DORSET",2,299,16,0,0,1,0,1,1,0,0,"DEFECTIVE_NO CHALLENGE RESPONSE RECEIVED","OTHER","NEVER RETURNED_NEVER RECEIVED BY CLERK","ISSUED",5,320,304
"58","DOVER",0,197,1,6,0,0,0,0,0,0,0,"DEFECTIVE_NO CHALLENGE RESPONSE RECEIVED","OTHER","NEVER RETURNED_NEVER RECEIVED BY CLERK","ISSUED",0,204,197
"59","DUMMERSTON",0,431,6,0,0,0,0,0,0,0,0,"DEFECTIVE_NO CHALLENGE RESPONSE RECEIVED","OTHER","NEVER RETURNED_NEVER RECEIVED BY CLERK","ISSUED",0,437,431
"60","DUXBURY",0,149,4,0,0,1,0,0,0,0,0,"DEFECTIVE_NO CHALLENGE RESPONSE RECEIVED","OTHER","NEVER RETURNED_NEVER RECEIVED BY CLERK","ISSUED",1,154,150
"61","EAST HAVEN",0,43,2,0,0,0,0,0,0,0,0,"DEFECTIVE_NO CHALLENGE RESPONSE RECEIVED","OTHER","NEVER RETURNED_NEVER RECEIVED BY CLERK","ISSUED",0,45,43
"62","EAST MONTPELIER",0,484,14,0,0,0,0,0,0,0,0,"DEFECTIVE_NO CHALLENGE RESPONSE RECEIVED","OTHER","NEVER RETURNED_NEVER RECEIVED BY CLERK","ISSUED",0,498,484
"63","EDEN",0,130,4,0,0,0,0,0,0,0,0,"DEFECTIVE_NO CHALLENGE RESPONSE RECEIVED","OTHER","NEVER RETURNED_NEVER RECEIVED BY CLERK","ISSUED",0,134,130
"64","ELMORE",0,104,0,0,0,0,0,0,0,0,0,"DEFECTIVE_NO CHALLENGE RESPONSE RECEIVED","OTHER","NEVER RETURNED_NEVER RECEIVED BY CLERK","ISSUED",0,104,104
"65","ENOSBURGH",2,524,0,172,0,0,1,0,0,0,0,"DEFECTIVE_NO CHALLENGE RESPONSE RECEIVED","OTHER","NEVER RETURNED_NEVER RECEIVED BY CLERK","ISSUED",2,699,526
"66","ESSEX",16,3750,12,0,0,1,0,11,1,0,0,"DEFECTIVE_NO CHALLENGE RESPONSE RECEIVED","OTHER","NEVER RETURNED_NEVER RECEIVED BY CLERK","ISSUED",29,3791,3779
"67","FAIR HAVEN",0,224,1,0,0,0,0,1,0,12,0,"DEFECTIVE_NO CHALLENGE RESPONSE RECEIVED","OTHER","NEVER RETURNED_NEVER RECEIVED BY CLERK","ISSUED",1,238,237
"68","FAIRFAX",0,587,13,3,0,0,0,2,0,0,0,"DEFECTIVE_NO CHALLENGE RESPONSE RECEIVED","OTHER","NEVER RETURNED_NEVER RECEIVED BY CLERK","ISSUED",2,605,589
"69","FAIRFIELD",0,196,1,0,0,0,0,0,0,0,0,"DEFECTIVE_NO CHALLENGE RESPONSE RECEIVED","OTHER","NEVER RETURNED_NEVER RECEIVED BY CLERK","ISSUED",0,197,196
"70","FAIRLEE",0,94,4,0,0,0,0,1,0,0,0,"DEFECTIVE_NO CHALLENGE RESPONSE RECEIVED","OTHER","NEVER RETURNED_NEVER RECEIVED BY CLERK","ISSUED",1,99,95
"71","FAYSTON",0,260,9,3,0,0,0,0,0,0,0,"DEFECTIVE_NO CHALLENGE RESPONSE RECEIVED","OTHER","NEVER RETURNED_NEVER RECEIVED BY CLERK","ISSUED",0,272,260
"72","FERRISBURGH",0,571,14,0,0,0,0,0,0,0,0,"DEFECTIVE_NO CHALLENGE RESPONSE RECEIVED","OTHER","NEVER RETURNED_NEVER RECEIVED BY CLERK","ISSUED",0,585,571
"73","FLETCHER",0,221,1,0,0,0,0,0,0,0,0,"DEFECTIVE_NO CHALLENGE RESPONSE RECEIVED","OTHER","NEVER RETURNED_NEVER RECEIVED BY CLERK","ISSUED",0,222,221
"74","FRANKLIN",7,155,8,0,0,1,0,0,1,0,0,"DEFECTIVE_NO CHALLENGE RESPONSE RECEIVED","OTHER","NEVER RETURNED_NEVER RECEIVED BY CLERK","ISSUED",9,172,164
"75","GEORGIA",0,517,14,0,0,0,0,6,0,0,0,"DEFECTIVE_NO CHALLENGE RESPONSE RECEIVED","OTHER","NEVER RETURNED_NEVER RECEIVED BY CLERK","ISSUED",6,537,523
"76","GLOVER",0,165,6,0,0,0,0,0,0,0,0,"DEFECTIVE_NO CHALLENGE RESPONSE RECEIVED","OTHER","NEVER RETURNED_NEVER RECEIVED BY CLERK","ISSUED",0,171,165
"77","GOSHEN",0,20,0,0,0,0,0,0,0,0,0,"DEFECTIVE_NO CHALLENGE RESPONSE RECEIVED","OTHER","NEVER RETURNED_NEVER RECEIVED BY CLERK","ISSUED",0,20,20
"78","GRAFTON",0,100,0,1,0,0,0,0,0,0,0,"DEFECTIVE_NO CHALLENGE RESPONSE RECEIVED","OTHER","NEVER RETURNED_NEVER RECEIVED BY CLERK","ISSUED",0,101,100
"79","GRANBY",0,11,0,0,0,0,0,0,0,0,0,"DEFECTIVE_NO CHALLENGE RESPONSE RECEIVED","OTHER","NEVER RETURNED_NEVER RECEIVED BY CLERK","ISSUED",0,11,11
"80","GRAND ISLE",5,358,1,12,0,3,0,2,2,0,0,"DEFECTIVE_NO CHALLENGE RESPONSE RECEIVED","OTHER","NEVER RETURNED_NEVER RECEIVED BY CLERK","ISSUED",12,383,370
"81","GRANVILLE",0,29,6,0,0,0,0,0,0,0,0,"DEFECTIVE_NO CHALLENGE RESPONSE RECEIVED","OTHER","NEVER RETURNED_NEVER RECEIVED BY CLERK","ISSUED",0,35,29
"82","GREENSBORO",0,144,5,0,1,0,0,1,0,0,0,"DEFECTIVE_NO CHALLENGE RESPONSE RECEIVED","OTHER","NEVER RETURNED_NEVER RECEIVED BY CLERK","ISSUED",1,151,145
"83","GROTON",0,93,0,0,0,0,1,0,0,0,0,"DEFECTIVE_NO CHALLENGE RESPONSE RECEIVED","OTHER","NEVER RETURNED_NEVER RECEIVED BY CLERK","ISSUED",0,94,93
"84","GUILDHALL",0,33,0,0,0,0,0,0,0,0,0,"DEFECTIVE_NO CHALLENGE RESPONSE RECEIVED","OTHER","NEVER RETURNED_NEVER RECEIVED BY CLERK","ISSUED",0,33,33
"85","GUILFORD",0,343,1,9,0,0,0,0,0,0,0,"DEFECTIVE_NO CHALLENGE RESPONSE RECEIVED","OTHER","NEVER RETURNED_NEVER RECEIVED BY CLERK","ISSUED",0,353,343
"86","HALIFAX",4,92,3,0,0,0,0,0,0,0,0,"DEFECTIVE_NO CHALLENGE RESPONSE RECEIVED","OTHER","NEVER RETURNED_NEVER RECEIVED BY CLERK","ISSUED",4,99,96
"87","HANCOCK",0,26,0,0,0,0,0,0,0,0,0,"DEFECTIVE_NO CHALLENGE RESPONSE RECEIVED","OTHER","NEVER RETURNED_NEVER RECEIVED BY CLERK","ISSUED",0,26,26
"88","HARDWICK",1,327,15,1,0,0,0,1,0,0,0,"DEFECTIVE_NO CHALLENGE RESPONSE RECEIVED","OTHER","NEVER RETURNED_NEVER RECEIVED BY CLERK","ISSUED",2,345,329
"89","HARTFORD",7,1353,51,10,0,0,0,1,0,0,0,"DEFECTIVE_NO CHALLENGE RESPONSE RECEIVED","OTHER","NEVER RETURNED_NEVER RECEIVED BY CLERK","ISSUED",8,1422,1361
"90","HARTLAND",9,439,1,5,0,1,0,3,4,0,0,"DEFECTIVE_NO CHALLENGE RESPONSE RECEIVED","OTHER","NEVER RETURNED_NEVER RECEIVED BY CLERK","ISSUED",17,462,456
"91","HIGHGATE",0,336,15,0,0,1,0,2,0,0,0,"DEFECTIVE_NO CHALLENGE RESPONSE RECEIVED","OTHER","NEVER RETURNED_NEVER RECEIVED BY CLERK","ISSUED",3,354,339
"92","HINESBURG",1,1081,16,0,0,0,0,1,0,0,0,"DEFECTIVE_NO CHALLENGE RESPONSE RECEIVED","OTHER","NEVER RETURNED_NEVER RECEIVED BY CLERK","ISSUED",2,1099,1083
"93","HOLLAND",0,74,2,0,0,0,0,0,0,0,0,"DEFECTIVE_NO CHALLENGE RESPONSE RECEIVED","OTHER","NEVER RETURNED_NEVER RECEIVED BY CLERK","ISSUED",0,76,74
"94","HUBBARDTON",0,88,8,0,0,0,0,2,0,0,0,"DEFECTIVE_NO CHALLENGE RESPONSE RECEIVED","OTHER","NEVER RETURNED_NEVER RECEIVED BY CLERK","ISSUED",2,98,90
"95","HUNTINGTON",0,241,18,3,0,2,0,0,0,0,0,"DEFECTIVE_NO CHALLENGE RESPONSE RECEIVED","OTHER","NEVER RETURNED_NEVER RECEIVED BY CLERK","ISSUED",2,264,243
"96","HYDE PARK",2,474,5,0,0,0,0,0,0,0,0,"DEFECTIVE_NO CHALLENGE RESPONSE RECEIVED","OTHER","NEVER RETURNED_NEVER RECEIVED BY CLERK","ISSUED",2,481,476
"97","IRA",0,33,0,0,0,0,0,0,0,0,0,"DEFECTIVE_NO CHALLENGE RESPONSE RECEIVED","OTHER","NEVER RETURNED_NEVER RECEIVED BY CLERK","ISSUED",0,33,33
"98","IRASBURG",0,103,0,0,0,1,0,1,0,0,0,"DEFECTIVE_NO CHALLENGE RESPONSE RECEIVED","OTHER","NEVER RETURNED_NEVER RECEIVED BY CLERK","ISSUED",2,105,105
"99","ISLE LA MOTTE",4,84,3,0,0,0,0,0,0,0,0,"DEFECTIVE_NO CHALLENGE RESPONSE RECEIVED","OTHER","NEVER RETURNED_NEVER RECEIVED BY CLERK","ISSUED",4,91,88
"100","JAMAICA",0,143,9,0,0,0,0,2,0,0,0,"DEFECTIVE_NO CHALLENGE RESPONSE RECEIVED","OTHER","NEVER RETURNED_NEVER RECEIVED BY CLERK","ISSUED",2,154,145
"101","JAY",0,55,3,0,0,0,0,0,0,0,0,"DEFECTIVE_NO CHALLENGE RESPONSE RECEIVED","OTHER","NEVER RETURNED_NEVER RECEIVED BY CLERK","ISSUED",0,58,55
"102","JERICHO",7,1255,27,0,0,3,2,4,0,0,0,"DEFECTIVE_NO CHALLENGE RESPONSE RECEIVED","OTHER","NEVER RETURNED_NEVER RECEIVED BY CLERK","ISSUED",14,1298,1269
"103","JOHNSON",0,425,7,0,0,0,0,3,0,0,0,"DEFECTIVE_NO CHALLENGE RESPONSE RECEIVED","OTHER","NEVER RETURNED_NEVER RECEIVED BY CLERK","ISSUED",3,435,428
"104","KILLINGTON",0,163,13,0,0,0,0,2,0,0,0,"DEFECTIVE_NO CHALLENGE RESPONSE RECEIVED","OTHER","NEVER RETURNED_NEVER RECEIVED BY CLERK","ISSUED",2,178,165
"105","KIRBY",0,41,2,0,0,0,0,1,0,0,0,"DEFECTIVE_NO CHALLENGE RESPONSE RECEIVED","OTHER","NEVER RETURNED_NEVER RECEIVED BY CLERK","ISSUED",1,44,42
"106","LANDGROVE",0,23,1,0,0,0,0,0,0,0,0,"DEFECTIVE_NO CHALLENGE RESPONSE RECEIVED","OTHER","NEVER RETURNED_NEVER RECEIVED BY CLERK","ISSUED",0,24,23
"107","LEICESTER",0,88,0,0,0,0,0,1,0,0,0,"DEFECTIVE_NO CHALLENGE RESPONSE RECEIVED","OTHER","NEVER RETURNED_NEVER RECEIVED BY CLERK","ISSUED",1,89,89
"108","LEMINGTON",0,5,0,0,1,0,0,0,0,0,0,"DEFECTIVE_NO CHALLENGE RESPONSE RECEIVED","OTHER","NEVER RETURNED_NEVER RECEIVED BY CLERK","ISSUED",0,6,5
"109","LINCOLN",1,161,8,0,2,0,0,2,0,0,0,"DEFECTIVE_NO CHALLENGE RESPONSE RECEIVED","OTHER","NEVER RETURNED_NEVER RECEIVED BY CLERK","ISSUED",3,174,164
"110","LONDONDERRY",8,214,5,0,0,0,0,0,0,0,0,"DEFECTIVE_NO CHALLENGE RESPONSE RECEIVED","OTHER","NEVER RETURNED_NEVER RECEIVED BY CLERK","ISSUED",8,227,222
"111","LOWELL",0,101,0,0,0,0,0,0,0,0,0,"DEFECTIVE_NO CHALLENGE RESPONSE RECEIVED","OTHER","NEVER RETURNED_NEVER RECEIVED BY CLERK","ISSUED",0,101,101
"112","LUDLOW",0,270,16,0,0,0,0,2,0,0,0,"DEFECTIVE_NO CHALLENGE RESPONSE RECEIVED","OTHER","NEVER RETURNED_NEVER RECEIVED BY CLERK","ISSUED",2,288,272
"113","LUNENBURG",1,86,0,0,0,0,0,0,0,0,0,"DEFECTIVE_NO CHALLENGE RESPONSE RECEIVED","OTHER","NEVER RETURNED_NEVER RECEIVED BY CLERK","ISSUED",1,87,87
"114","LYNDON",0,491,10,5,0,0,0,5,0,0,1,"DEFECTIVE_NO CHALLENGE RESPONSE RECEIVED","OTHER","NEVER RETURNED_NEVER RECEIVED BY CLERK","ISSUED",6,512,497
"115","MAIDSTONE",0,15,2,0,0,0,0,0,0,0,0,"DEFECTIVE_NO CHALLENGE RESPONSE RECEIVED","OTHER","NEVER RETURNED_NEVER RECEIVED BY CLERK","ISSUED",0,17,15
"116","MANCHESTER",1,1072,31,0,0,1,0,7,0,0,0,"DEFECTIVE_NO CHALLENGE RESPONSE RECEIVED","OTHER","NEVER RETURNED_NEVER RECEIVED BY CLERK","ISSUED",9,1112,1081
"117","MARLBORO",0,213,2,0,0,0,0,0,0,0,0,"DEFECTIVE_NO CHALLENGE RESPONSE RECEIVED","OTHER","NEVER RETURNED_NEVER RECEIVED BY CLERK","ISSUED",0,215,213
"118","MARSHFIELD",0,260,2,0,0,0,0,2,0,0,0,"DEFECTIVE_NO CHALLENGE RESPONSE RECEIVED","OTHER","NEVER RETURNED_NEVER RECEIVED BY CLERK","ISSUED",2,264,262
"119","MENDON",6,158,0,0,0,0,0,0,0,0,0,"DEFECTIVE_NO CHALLENGE RESPONSE RECEIVED","OTHER","NEVER RETURNED_NEVER RECEIVED BY CLERK","ISSUED",6,164,164
"120","MIDDLEBURY",25,1677,49,0,0,1,0,8,1,0,0,"DEFECTIVE_NO CHALLENGE RESPONSE RECEIVED","OTHER","NEVER RETURNED_NEVER RECEIVED BY CLERK","ISSUED",35,1761,1712
"121","MIDDLESEX",0,522,15,0,0,0,0,3,0,0,0,"DEFECTIVE_NO CHALLENGE RESPONSE RECEIVED","OTHER","NEVER RETURNED_NEVER RECEIVED BY CLERK","ISSUED",3,540,525
"122","MIDDLETOWN SPRINGS",0,66,0,19,0,0,0,0,0,0,0,"DEFECTIVE_NO CHALLENGE RESPONSE RECEIVED","OTHER","NEVER RETURNED_NEVER RECEIVED BY CLERK","ISSUED",0,85,66
"123","MILTON",11,2133,58,0,0,1,0,14,0,0,0,"DEFECTIVE_NO CHALLENGE RESPONSE RECEIVED","OTHER","NEVER RETURNED_NEVER RECEIVED BY CLERK","ISSUED",26,2217,2159
"124","MONKTON",0,281,0,13,0,0,0,0,0,0,0,"DEFECTIVE_NO CHALLENGE RESPONSE RECEIVED","OTHER","NEVER RETURNED_NEVER RECEIVED BY CLERK","ISSUED",0,294,281
"125","MONTGOMERY",0,213,25,0,0,0,0,0,0,0,0,"DEFECTIVE_NO CHALLENGE RESPONSE RECEIVED","OTHER","NEVER RETURNED_NEVER RECEIVED BY CLERK","ISSUED",0,238,213
"126","MONTPELIER",9,1933,38,2,1,1,0,11,2,0,0,"DEFECTIVE_NO CHALLENGE RESPONSE RECEIVED","OTHER","NEVER RETURNED_NEVER RECEIVED BY CLERK","ISSUED",23,1997,1956
"127","MORETOWN",0,373,9,1,1,0,0,0,0,0,0,"DEFECTIVE_NO CHALLENGE RESPONSE RECEIVED","OTHER","NEVER RETURNED_NEVER RECEIVED BY CLERK","ISSUED",0,384,373
"128","MORGAN",0,122,4,0,0,0,0,0,0,0,0,"DEFECTIVE_NO CHALLENGE RESPONSE RECEIVED","OTHER","NEVER RETURNED_NEVER RECEIVED BY CLERK","ISSUED",0,126,122
"129","MORRISTOWN",0,932,24,0,0,0,0,1,0,0,0,"DEFECTIVE_NO CHALLENGE RESPONSE RECEIVED","OTHER","NEVER RETURNED_NEVER RECEIVED BY CLERK","ISSUED",1,957,933
"130","MOUNT HOLLY",0,218,0,0,0,0,0,0,0,0,0,"DEFECTIVE_NO CHALLENGE RESPONSE RECEIVED","OTHER","NEVER RETURNED_NEVER RECEIVED BY CLERK","ISSUED",0,218,218
"131","MOUNT TABOR",0,13,0,0,0,0,0,0,0,0,0,"DEFECTIVE_NO CHALLENGE RESPONSE RECEIVED","OTHER","NEVER RETURNED_NEVER RECEIVED BY CLERK","ISSUED",0,13,13
"132","NEW HAVEN",1,219,8,0,0,0,0,0,0,0,0,"DEFECTIVE_NO CHALLENGE RESPONSE RECEIVED","OTHER","NEVER RETURNED_NEVER RECEIVED BY CLERK","ISSUED",1,228,220
"133","NEWARK",0,71,0,0,0,0,0,0,0,0,0,"DEFECTIVE_NO CHALLENGE RESPONSE RECEIVED","OTHER","NEVER RETURNED_NEVER RECEIVED BY CLERK","ISSUED",0,71,71
"134","NEWBURY",0,226,6,0,0,0,0,0,0,0,0,"DEFECTIVE_NO CHALLENGE RESPONSE RECEIVED","OTHER","NEVER RETURNED_NEVER RECEIVED BY CLERK","ISSUED",0,232,226
"135","NEWFANE",0,427,10,0,0,0,0,1,0,0,0,"DEFECTIVE_NO CHALLENGE RESPONSE RECEIVED","OTHER","NEVER RETURNED_NEVER RECEIVED BY CLERK","ISSUED",1,438,428
"136","NEWPORT CITY",0,378,0,18,0,3,0,1,0,0,0,"DEFECTIVE_NO CHALLENGE RESPONSE RECEIVED","OTHER","NEVER RETURNED_NEVER RECEIVED BY CLERK","ISSUED",4,400,382
"137","NEWPORT TOWN",0,174,0,0,0,0,0,0,0,0,0,"DEFECTIVE_NO CHALLENGE RESPONSE RECEIVED","OTHER","NEVER RETURNED_NEVER RECEIVED BY CLERK","ISSUED",0,174,174
"138","NORTH HERO",0,190,4,0,0,0,0,1,0,0,0,"DEFECTIVE_NO CHALLENGE RESPONSE RECEIVED","OTHER","NEVER RETURNED_NEVER RECEIVED BY CLERK","ISSUED",1,195,191
"139","NORTHFIELD",0,610,27,20,0,0,0,1,0,0,0,"DEFECTIVE_NO CHALLENGE RESPONSE RECEIVED","OTHER","NEVER RETURNED_NEVER RECEIVED BY CLERK","ISSUED",1,658,611
"140","NORTON",0,19,0,0,0,0,0,0,0,0,0,"DEFECTIVE_NO CHALLENGE RESPONSE RECEIVED","OTHER","NEVER RETURNED_NEVER RECEIVED BY CLERK","ISSUED",0,19,19
"141","NORWICH",0,536,13,0,0,1,0,3,0,0,0,"DEFECTIVE_NO CHALLENGE RESPONSE RECEIVED","OTHER","NEVER RETURNED_NEVER RECEIVED BY CLERK","ISSUED",4,553,540
"142","ORANGE",0,128,4,0,0,0,0,0,0,0,0,"DEFECTIVE_NO CHALLENGE RESPONSE RECEIVED","OTHER","NEVER RETURNED_NEVER RECEIVED BY CLERK","ISSUED",0,132,128
"143","ORWELL",5,123,2,0,0,4,1,0,0,0,0,"DEFECTIVE_NO CHALLENGE RESPONSE RECEIVED","OTHER","NEVER RETURNED_NEVER RECEIVED BY CLERK","ISSUED",9,135,132
"144","PANTON",0,102,10,0,0,0,0,0,0,0,0,"DEFECTIVE_NO CHALLENGE RESPONSE RECEIVED","OTHER","NEVER RETURNED_NEVER RECEIVED BY CLERK","ISSUED",0,112,102
"145","PAWLET",0,131,6,0,0,0,0,0,0,0,0,"DEFECTIVE_NO CHALLENGE RESPONSE RECEIVED","OTHER","NEVER RETURNED_NEVER RECEIVED BY CLERK","ISSUED",0,137,131
"146","PEACHAM",0,120,4,0,0,0,0,1,0,0,0,"DEFECTIVE_NO CHALLENGE RESPONSE RECEIVED","OTHER","NEVER RETURNED_NEVER RECEIVED BY CLERK","ISSUED",1,125,121
"147","PERU",0,34,1,0,0,0,0,0,0,0,0,"DEFECTIVE_NO CHALLENGE RESPONSE RECEIVED","OTHER","NEVER RETURNED_NEVER RECEIVED BY CLERK","ISSUED",0,35,34
"148","PITTSFIELD",0,50,0,0,0,1,0,0,0,0,0,"DEFECTIVE_NO CHALLENGE RESPONSE RECEIVED","OTHER","NEVER RETURNED_NEVER RECEIVED BY CLERK","ISSUED",1,51,51
"149","PITTSFORD",0,355,10,0,0,0,0,0,0,0,0,"DEFECTIVE_NO CHALLENGE RESPONSE RECEIVED","OTHER","NEVER RETURNED_NEVER RECEIVED BY CLERK","ISSUED",0,365,355
"150","PLAINFIELD",0,210,0,0,0,0,0,0,0,0,0,"DEFECTIVE_NO CHALLENGE RESPONSE RECEIVED","OTHER","NEVER RETURNED_NEVER RECEIVED BY CLERK","ISSUED",0,210,210
"151","PLYMOUTH",5,94,0,0,0,0,0,2,0,0,0,"DEFECTIVE_NO CHALLENGE RESPONSE RECEIVED","OTHER","NEVER RETURNED_NEVER RECEIVED BY CLERK","ISSUED",7,101,101
"152","POMFRET",0,192,1,0,0,0,0,2,0,0,0,"DEFECTIVE_NO CHALLENGE RESPONSE RECEIVED","OTHER","NEVER RETURNED_NEVER RECEIVED BY CLERK","ISSUED",2,195,194
"153","POULTNEY",3,230,11,0,0,0,0,0,0,0,0,"DEFECTIVE_NO CHALLENGE RESPONSE RECEIVED","OTHER","NEVER RETURNED_NEVER RECEIVED BY CLERK","ISSUED",3,244,233
"154","POWNAL",0,337,2,60,0,0,0,3,0,0,0,"DEFECTIVE_NO CHALLENGE RESPONSE RECEIVED","OTHER","NEVER RETURNED_NEVER RECEIVED BY CLERK","ISSUED",3,402,340
"155","PROCTOR",0,170,4,0,0,0,0,0,0,0,0,"DEFECTIVE_NO CHALLENGE RESPONSE RECEIVED","OTHER","NEVER RETURNED_NEVER RECEIVED BY CLERK","ISSUED",0,174,170
"156","PUTNEY",0,395,13,0,0,0,0,3,0,0,0,"DEFECTIVE_NO CHALLENGE RESPONSE RECEIVED","OTHER","NEVER RETURNED_NEVER RECEIVED BY CLERK","ISSUED",3,411,398
"157","RANDOLPH",0,729,11,0,0,1,0,1,0,0,0,"DEFECTIVE_NO CHALLENGE RESPONSE RECEIVED","OTHER","NEVER RETURNED_NEVER RECEIVED BY CLERK","ISSUED",2,742,731
"158","READING",3,60,0,0,0,0,0,0,0,0,0,"DEFECTIVE_NO CHALLENGE RESPONSE RECEIVED","OTHER","NEVER RETURNED_NEVER RECEIVED BY CLERK","ISSUED",3,63,63
"159","READSBORO",1,52,3,0,0,0,0,0,2,0,0,"DEFECTIVE_NO CHALLENGE RESPONSE RECEIVED","OTHER","NEVER RETURNED_NEVER RECEIVED BY CLERK","ISSUED",3,58,55
"160","RICHFORD",0,267,0,33,0,0,0,0,0,0,0,"DEFECTIVE_NO CHALLENGE RESPONSE RECEIVED","OTHER","NEVER RETURNED_NEVER RECEIVED BY CLERK","ISSUED",0,300,267
"161","RICHMOND",0,857,14,0,0,1,0,10,2,0,0,"DEFECTIVE_NO CHALLENGE RESPONSE RECEIVED","OTHER","NEVER RETURNED_NEVER RECEIVED BY CLERK","ISSUED",13,884,870
"162","RIPTON",0,70,1,0,0,0,0,1,0,0,0,"DEFECTIVE_NO CHALLENGE RESPONSE RECEIVED","OTHER","NEVER RETURNED_NEVER RECEIVED BY CLERK","ISSUED",1,72,71
"163","ROCHESTER",0,152,0,2,0,0,0,0,0,0,0,"DEFECTIVE_NO CHALLENGE RESPONSE RECEIVED","OTHER","NEVER RETURNED_NEVER RECEIVED BY CLERK","ISSUED",0,154,152
"164","ROCKINGHAM",0,447,16,4,1,2,3,5,1,0,0,"DEFECTIVE_NO CHALLENGE RESPONSE RECEIVED","OTHER","NEVER RETURNED_NEVER RECEIVED BY CLERK","ISSUED",8,479,455
"165","ROXBURY",0,93,1,0,0,0,0,0,0,0,0,"DEFECTIVE_NO CHALLENGE RESPONSE RECEIVED","OTHER","NEVER RETURNED_NEVER RECEIVED BY CLERK","ISSUED",0,94,93
"166","ROYALTON",0,322,0,0,0,0,0,12,0,0,0,"DEFECTIVE_NO CHALLENGE RESPONSE RECEIVED","OTHER","NEVER RETURNED_NEVER RECEIVED BY CLERK","ISSUED",12,334,334
"167","RUPERT",0,107,5,0,0,0,0,0,0,0,0,"DEFECTIVE_NO CHALLENGE RESPONSE RECEIVED","OTHER","NEVER RETURNED_NEVER RECEIVED BY CLERK","ISSUED",0,112,107
"168","RUTLAND CITY",9,1492,68,0,0,2,1,8,0,0,0,"DEFECTIVE_NO CHALLENGE RESPONSE RECEIVED","OTHER","NEVER RETURNED_NEVER RECEIVED BY CLERK","ISSUED",19,1580,1511
"169","RUTLAND TOWN",9,514,18,0,0,1,2,5,0,0,2,"DEFECTIVE_NO CHALLENGE RESPONSE RECEIVED","OTHER","NEVER RETURNED_NEVER RECEIVED BY CLERK","ISSUED",17,551,531
"170","RYEGATE",1,72,1,0,1,0,0,0,1,0,0,"DEFECTIVE_NO CHALLENGE RESPONSE RECEIVED","OTHER","NEVER RETURNED_NEVER RECEIVED BY CLERK","ISSUED",2,76,74
"171","SALISBURY",2,120,1,0,0,0,0,1,0,0,0,"DEFECTIVE_NO CHALLENGE RESPONSE RECEIVED","OTHER","NEVER RETURNED_NEVER RECEIVED BY CLERK","ISSUED",3,124,123
"172","SANDGATE",0,37,1,0,1,0,0,0,0,0,0,"DEFECTIVE_NO CHALLENGE RESPONSE RECEIVED","OTHER","NEVER RETURNED_NEVER RECEIVED BY CLERK","ISSUED",0,39,37
"173","SEARSBURG",0,0,0,1,0,0,0,0,0,0,0,"DEFECTIVE_NO CHALLENGE RESPONSE RECEIVED","OTHER","NEVER RETURNED_NEVER RECEIVED BY CLERK","ISSUED",0,1,0
"174","SHAFTSBURY",0,419,21,0,0,0,0,0,0,0,0,"DEFECTIVE_NO CHALLENGE RESPONSE RECEIVED","OTHER","NEVER RETURNED_NEVER RECEIVED BY CLERK","ISSUED",0,440,419
"175","SHARON",0,130,9,0,0,0,0,0,0,0,0,"DEFECTIVE_NO CHALLENGE RESPONSE RECEIVED","OTHER","NEVER RETURNED_NEVER RECEIVED BY CLERK","ISSUED",0,139,130
"176","SHEFFIELD",0,58,0,0,0,0,0,0,0,0,0,"DEFECTIVE_NO CHALLENGE RESPONSE RECEIVED","OTHER","NEVER RETURNED_NEVER RECEIVED BY CLERK","ISSUED",0,58,58
"177","SHELBURNE",3,2508,55,0,1,1,0,6,0,0,0,"DEFECTIVE_NO CHALLENGE RESPONSE RECEIVED","OTHER","NEVER RETURNED_NEVER RECEIVED BY CLERK","ISSUED",10,2574,2518
"178","SHELDON",0,161,2,0,0,0,0,0,0,0,0,"DEFECTIVE_NO CHALLENGE RESPONSE RECEIVED","OTHER","NEVER RETURNED_NEVER RECEIVED BY CLERK","ISSUED",0,163,161
"179","SHOREHAM",0,259,3,0,0,0,0,0,1,0,0,"DEFECTIVE_NO CHALLENGE RESPONSE RECEIVED","OTHER","NEVER RETURNED_NEVER RECEIVED BY CLERK","ISSUED",1,263,260
"180","SHREWSBURY",3,166,27,0,0,0,0,1,0,0,0,"DEFECTIVE_NO CHALLENGE RESPONSE RECEIVED","OTHER","NEVER RETURNED_NEVER RECEIVED BY CLERK","ISSUED",4,197,170
"181","SOUTH BURLINGTON",20,3722,91,0,0,1,0,18,0,0,0,"DEFECTIVE_NO CHALLENGE RESPONSE RECEIVED","OTHER","NEVER RETURNED_NEVER RECEIVED BY CLERK","ISSUED",39,3852,3761
"182","SOUTH HERO",0,346,7,0,0,0,0,1,0,0,0,"DEFECTIVE_NO CHALLENGE RESPONSE RECEIVED","OTHER","NEVER RETURNED_NEVER RECEIVED BY CLERK","ISSUED",1,354,347
"183","SPRINGFIELD",1,861,150,0,0,1,0,4,42,0,0,"DEFECTIVE_NO CHALLENGE RESPONSE RECEIVED","OTHER","NEVER RETURNED_NEVER RECEIVED BY CLERK","ISSUED",48,1059,909
"184","ST. ALBANS CITY",0,615,30,0,6,0,11,2,0,0,0,"DEFECTIVE_NO CHALLENGE RESPONSE RECEIVED","OTHER","NEVER RETURNED_NEVER RECEIVED BY CLERK","ISSUED",2,664,617
"185","ST. ALBANS TOWN",1,972,2,23,0,0,0,0,0,0,0,"DEFECTIVE_NO CHALLENGE RESPONSE RECEIVED","OTHER","NEVER RETURNED_NEVER RECEIVED BY CLERK","ISSUED",1,998,973
"186","ST. GEORGE",0,90,6,0,0,0,3,0,1,0,0,"DEFECTIVE_NO CHALLENGE RESPONSE RECEIVED","OTHER","NEVER RETURNED_NEVER RECEIVED BY CLERK","ISSUED",1,100,91
"187","ST. JOHNSBURY",0,862,28,0,0,0,1,5,0,0,0,"DEFECTIVE_NO CHALLENGE RESPONSE RECEIVED","OTHER","NEVER RETURNED_NEVER RECEIVED BY CLERK","ISSUED",5,896,867
"188","STAMFORD",0,44,3,0,0,0,0,0,0,0,0,"DEFECTIVE_NO CHALLENGE RESPONSE RECEIVED","OTHER","NEVER RETURNED_NEVER RECEIVED BY CLERK","ISSUED",0,47,44
"189","STANNARD",0,12,1,0,0,0,0,0,0,0,0,"DEFECTIVE_NO CHALLENGE RESPONSE RECEIVED","OTHER","NEVER RETURNED_NEVER RECEIVED BY CLERK","ISSUED",0,13,12
"190","STARKSBORO",0,250,10,0,0,0,0,0,0,0,0,"DEFECTIVE_NO CHALLENGE RESPONSE RECEIVED","OTHER","NEVER RETURNED_NEVER RECEIVED BY CLERK","ISSUED",0,260,250
"191","STOCKBRIDGE",0,93,2,0,0,0,0,0,0,0,0,"DEFECTIVE_NO CHALLENGE RESPONSE RECEIVED","OTHER","NEVER RETURNED_NEVER RECEIVED BY CLERK","ISSUED",0,95,93
"192","STOWE",0,1044,56,0,0,0,1,2,0,0,0,"DEFECTIVE_NO CHALLENGE RESPONSE RECEIVED","OTHER","NEVER RETURNED_NEVER RECEIVED BY CLERK","ISSUED",2,1103,1046
"193","STRAFFORD",0,168,0,0,0,0,0,2,0,0,0,"DEFECTIVE_NO CHALLENGE RESPONSE RECEIVED","OTHER","NEVER RETURNED_NEVER RECEIVED BY CLERK","ISSUED",2,170,170
"194","STRATTON",3,27,1,0,0,1,0,0,0,0,0,"DEFECTIVE_NO CHALLENGE RESPONSE RECEIVED","OTHER","NEVER RETURNED_NEVER RECEIVED BY CLERK","ISSUED",4,32,31
"195","SUDBURY",0,80,3,0,0,0,0,0,0,0,0,"DEFECTIVE_NO CHALLENGE RESPONSE RECEIVED","OTHER","NEVER RETURNED_NEVER RECEIVED BY CLERK","ISSUED",0,83,80
"196","SUNDERLAND",0,117,6,0,0,0,0,0,0,0,0,"DEFECTIVE_NO CHALLENGE RESPONSE RECEIVED","OTHER","NEVER RETURNED_NEVER RECEIVED BY CLERK","ISSUED",0,123,117
"197","SUTTON",0,113,4,0,0,0,0,0,0,0,0,"DEFECTIVE_NO CHALLENGE RESPONSE RECEIVED","OTHER","NEVER RETURNED_NEVER RECEIVED BY CLERK","ISSUED",0,117,113
"198","SWANTON",1,644,15,0,0,0,0,5,0,0,0,"DEFECTIVE_NO CHALLENGE RESPONSE RECEIVED","OTHER","NEVER RETURNED_NEVER RECEIVED BY CLERK","ISSUED",6,665,650
"199","THETFORD",2,353,7,0,0,0,0,3,1,0,0,"DEFECTIVE_NO CHALLENGE RESPONSE RECEIVED","OTHER","NEVER RETURNED_NEVER RECEIVED BY CLERK","ISSUED",6,366,359
"200","TINMOUTH",0,53,0,0,0,0,0,0,0,0,0,"DEFECTIVE_NO CHALLENGE RESPONSE RECEIVED","OTHER","NEVER RETURNED_NEVER RECEIVED BY CLERK","ISSUED",0,53,53
"201","TOPSHAM",0,130,7,0,0,0,0,2,0,0,0,"DEFECTIVE_NO CHALLENGE RESPONSE RECEIVED","OTHER","NEVER RETURNED_NEVER RECEIVED BY CLERK","ISSUED",2,139,132
"202","TOWNSHEND",0,154,4,0,0,0,0,0,0,1,0,"DEFECTIVE_NO CHALLENGE RESPONSE RECEIVED","OTHER","NEVER RETURNED_NEVER RECEIVED BY CLERK","ISSUED",0,159,155
"203","TROY",0,176,0,14,0,0,0,0,0,0,0,"DEFECTIVE_NO CHALLENGE RESPONSE RECEIVED","OTHER","NEVER RETURNED_NEVER RECEIVED BY CLERK","ISSUED",0,190,176
"204","TUNBRIDGE",0,151,0,4,0,0,0,0,0,0,0,"DEFECTIVE_NO CHALLENGE RESPONSE RECEIVED","OTHER","NEVER RETURNED_NEVER RECEIVED BY CLERK","ISSUED",0,155,151
"205","UNDERHILL",3,663,12,0,0,0,2,3,0,0,0,"DEFECTIVE_NO CHALLENGE RESPONSE RECEIVED","OTHER","NEVER RETURNED_NEVER RECEIVED BY CLERK","ISSUED",6,683,669
"206","VERGENNES",1,238,10,0,0,0,0,0,0,0,0,"DEFECTIVE_NO CHALLENGE RESPONSE RECEIVED","OTHER","NEVER RETURNED_NEVER RECEIVED BY CLERK","ISSUED",1,249,239
"207","VERNON",0,336,0,0,0,0,0,4,0,1,0,"DEFECTIVE_NO CHALLENGE RESPONSE RECEIVED","OTHER","NEVER RETURNED_NEVER RECEIVED BY CLERK","ISSUED",4,341,341
"208","VERSHIRE",0,62,0,2,0,0,0,0,1,0,0,"DEFECTIVE_NO CHALLENGE RESPONSE RECEIVED","OTHER","NEVER RETURNED_NEVER RECEIVED BY CLERK","ISSUED",1,65,63
"209","VICTORY",0,29,0,1,0,0,0,0,0,0,0,"DEFECTIVE_NO CHALLENGE RESPONSE RECEIVED","OTHER","NEVER RETURNED_NEVER RECEIVED BY CLERK","ISSUED",0,30,29
"210","WAITSFIELD",2,333,9,0,0,0,0,4,0,0,0,"DEFECTIVE_NO CHALLENGE RESPONSE RECEIVED","OTHER","NEVER RETURNED_NEVER RECEIVED BY CLERK","ISSUED",6,348,339
"211","WALDEN",0,186,7,0,0,0,0,0,0,0,0,"DEFECTIVE_NO CHALLENGE RESPONSE RECEIVED","OTHER","NEVER RETURNED_NEVER RECEIVED BY CLERK","ISSUED",0,193,186
"212","WALLINGFORD",0,268,7,0,0,0,0,0,0,0,0,"DEFECTIVE_NO CHALLENGE RESPONSE RECEIVED","OTHER","NEVER RETURNED_NEVER RECEIVED BY CLERK","ISSUED",0,275,268
"213","WALTHAM",0,96,4,0,0,0,1,0,1,0,0,"DEFECTIVE_NO CHALLENGE RESPONSE RECEIVED","OTHER","NEVER RETURNED_NEVER RECEIVED BY CLERK","ISSUED",1,102,97
"214","WARDSBORO",0,87,2,0,0,0,0,0,0,0,0,"DEFECTIVE_NO CHALLENGE RESPONSE RECEIVED","OTHER","NEVER RETURNED_NEVER RECEIVED BY CLERK","ISSUED",0,89,87
"215","WARREN",0,345,9,3,0,0,3,3,0,0,0,"DEFECTIVE_NO CHALLENGE RESPONSE RECEIVED","OTHER","NEVER RETURNED_NEVER RECEIVED BY CLERK","ISSUED",3,363,348
"216","WASHINGTON",0,9,0,0,0,0,0,0,0,0,0,"DEFECTIVE_NO CHALLENGE RESPONSE RECEIVED","OTHER","NEVER RETURNED_NEVER RECEIVED BY CLERK","ISSUED",0,9,9
"217","WATERBURY",4,1283,16,0,0,1,0,3,0,0,0,"DEFECTIVE_NO CHALLENGE RESPONSE RECEIVED","OTHER","NEVER RETURNED_NEVER RECEIVED BY CLERK","ISSUED",8,1307,1291
"218","WATERFORD",0,169,4,0,0,1,0,1,0,0,0,"DEFECTIVE_NO CHALLENGE RESPONSE RECEIVED","OTHER","NEVER RETURNED_NEVER RECEIVED BY CLERK","ISSUED",2,175,171
"219","WATERVILLE",0,56,0,0,0,0,0,0,0,0,0,"DEFECTIVE_NO CHALLENGE RESPONSE RECEIVED","OTHER","NEVER RETURNED_NEVER RECEIVED BY CLERK","ISSUED",0,56,56
"220","WEATHERSFIELD",1,407,12,0,0,0,0,1,0,0,0,"DEFECTIVE_NO CHALLENGE RESPONSE RECEIVED","OTHER","NEVER RETURNED_NEVER RECEIVED BY CLERK","ISSUED",2,421,409
"221","WELLS",0,133,0,8,0,0,0,0,0,0,0,"DEFECTIVE_NO CHALLENGE RESPONSE RECEIVED","OTHER","NEVER RETURNED_NEVER RECEIVED BY CLERK","ISSUED",0,141,133
"222","WEST FAIRLEE",0,41,0,0,0,0,0,0,0,0,0,"DEFECTIVE_NO CHALLENGE RESPONSE RECEIVED","OTHER","NEVER RETURNED_NEVER RECEIVED BY CLERK","ISSUED",0,41,41
"223","WEST HAVEN",0,1,0,0,0,0,0,0,0,0,0,"DEFECTIVE_NO CHALLENGE RESPONSE RECEIVED","OTHER","NEVER RETURNED_NEVER RECEIVED BY CLERK","ISSUED",0,1,1
"224","WEST RUTLAND",0,170,2,7,0,0,0,4,0,0,0,"DEFECTIVE_NO CHALLENGE RESPONSE RECEIVED","OTHER","NEVER RETURNED_NEVER RECEIVED BY CLERK","ISSUED",4,183,174
"225","WEST WINDSOR",1,129,0,6,0,0,0,0,0,0,0,"DEFECTIVE_NO CHALLENGE RESPONSE RECEIVED","OTHER","NEVER RETURNED_NEVER RECEIVED BY CLERK","ISSUED",1,136,130
"226","WESTFIELD",0,80,4,0,0,0,0,0,0,0,0,"DEFECTIVE_NO CHALLENGE RESPONSE RECEIVED","OTHER","NEVER RETURNED_NEVER RECEIVED BY CLERK","ISSUED",0,84,80
"227","WESTFORD",0,319,18,0,0,0,0,0,0,0,0,"DEFECTIVE_NO CHALLENGE RESPONSE RECEIVED","OTHER","NEVER RETURNED_NEVER RECEIVED BY CLERK","ISSUED",0,337,319
"228","WESTMINSTER",0,321,6,0,0,0,0,3,0,0,0,"DEFECTIVE_NO CHALLENGE RESPONSE RECEIVED","OTHER","NEVER RETURNED_NEVER RECEIVED BY CLERK","ISSUED",3,330,324
"229","WESTMORE",0,68,1,0,0,0,0,0,0,0,0,"DEFECTIVE_NO CHALLENGE RESPONSE RECEIVED","OTHER","NEVER RETURNED_NEVER RECEIVED BY CLERK","ISSUED",0,69,68
"230","WESTON",0,120,4,0,0,0,0,0,0,0,0,"DEFECTIVE_NO CHALLENGE RESPONSE RECEIVED","OTHER","NEVER RETURNED_NEVER RECEIVED BY CLERK","ISSUED",0,124,120
"231","WEYBRIDGE",0,13,0,0,0,0,0,0,0,0,0,"DEFECTIVE_NO CHALLENGE RESPONSE RECEIVED","OTHER","NEVER RETURNED_NEVER RECEIVED BY CLERK","ISSUED",0,13,13
"232","WHEELOCK",0,64,3,0,0,0,0,0,0,0,0,"DEFECTIVE_NO CHALLENGE RESPONSE RECEIVED","OTHER","NEVER RETURNED_NEVER RECEIVED BY CLERK","ISSUED",0,67,64
"233","WHITING",0,23,1,0,0,0,0,0,0,0,0,"DEFECTIVE_NO CHALLENGE RESPONSE RECEIVED","OTHER","NEVER RETURNED_NEVER RECEIVED BY CLERK","ISSUED",0,24,23
"234","WHITINGHAM",1,100,1,0,0,0,0,0,0,0,0,"DEFECTIVE_NO CHALLENGE RESPONSE RECEIVED","OTHER","NEVER RETURNED_NEVER RECEIVED BY CLERK","ISSUED",1,102,101
"235","WILLIAMSTOWN",0,389,1,6,0,0,0,0,0,0,0,"DEFECTIVE_NO CHALLENGE RESPONSE RECEIVED","OTHER","NEVER RETURNED_NEVER RECEIVED BY CLERK","ISSUED",0,396,389
"236","WILLISTON",2,2458,5,62,0,0,0,2,0,0,0,"DEFECTIVE_NO CHALLENGE RESPONSE RECEIVED","OTHER","NEVER RETURNED_NEVER RECEIVED BY CLERK","ISSUED",4,2529,2462
"237","WILMINGTON",0,223,11,0,0,0,0,3,0,0,0,"DEFECTIVE_NO CHALLENGE RESPONSE RECEIVED","OTHER","NEVER RETURNED_NEVER RECEIVED BY CLERK","ISSUED",3,237,226
"238","WINDHAM",0,119,2,0,0,0,0,0,0,0,0,"DEFECTIVE_NO CHALLENGE RESPONSE RECEIVED","OTHER","NEVER RETURNED_NEVER RECEIVED BY CLERK","ISSUED",0,121,119
"239","WINDSOR",0,349,16,1,0,0,0,0,1,0,0,"DEFECTIVE_NO CHALLENGE RESPONSE RECEIVED","OTHER","NEVER RETURNED_NEVER RECEIVED BY CLERK","ISSUED",1,367,350
"240","WINHALL",1,203,7,0,0,1,0,1,0,0,0,"DEFECTIVE_NO CHALLENGE RESPONSE RECEIVED","OTHER","NEVER RETURNED_NEVER RECEIVED BY CLERK","ISSUED",3,213,206
"241","WINOOSKI",2,712,30,0,0,2,1,5,0,0,0,"DEFECTIVE_NO CHALLENGE RESPONSE RECEIVED","OTHER","NEVER RETURNED_NEVER RECEIVED BY CLERK","ISSUED",9,752,721
"242","WOLCOTT",0,207,1,0,0,0,0,0,0,0,0,"DEFECTIVE_NO CHALLENGE RESPONSE RECEIVED","OTHER","NEVER RETURNED_NEVER RECEIVED BY CLERK","ISSUED",0,208,207
"243","WOODBURY",0,143,0,4,0,0,0,0,0,0,0,"DEFECTIVE_NO CHALLENGE RESPONSE RECEIVED","OTHER","NEVER RETURNED_NEVER RECEIVED BY CLERK","ISSUED",0,147,143
"244","WOODFORD",0,24,3,0,0,0,0,0,0,0,0,"DEFECTIVE_NO CHALLENGE RESPONSE RECEIVED","OTHER","NEVER RETURNED_NEVER RECEIVED BY CLERK","ISSUED",0,27,24
"245","WOODSTOCK",1,491,12,3,0,3,0,1,0,0,0,"DEFECTIVE_NO CHALLENGE RESPONSE RECEIVED","OTHER","NEVER RETURNED_NEVER RECEIVED BY CLERK","ISSUED",5,511,496
"246","WORCESTER",0,151,1,0,0,0,0,2,0,0,0,"DEFECTIVE_NO CHALLENGE RESPONSE RECEIVED","OTHER","NEVER RETURNED_NEVER RECEIVED BY CLERK","ISSUED",2,154,153
